gene,ensembl_gene_id,Family
ZBTB8B,ENSG00000273274,ZBTB
GSX2,ENSG00000180613,Homeobox
TBX2,ENSG00000121068,T-box
PAX8,ENSG00000125618,PAX
CREB3L1,ENSG00000157613,TF_bZIP
NKX6-1,ENSG00000163623,Homeobox
ZNF621,ENSG00000172888,zf-C2H2
ZNF138,ENSG00000197008,zf-C2H2
ZNF654,ENSG00000175105,zf-C2H2
POU3F3,ENSG00000198914,Pou
ALX1,ENSG00000180318,Homeobox
EMX1,ENSG00000135638,Homeobox
ZNF718,ENSG00000250312,zf-C2H2
VSX2,ENSG00000119614,Homeobox
POU1F1,ENSG00000064835,Pou
RARA,ENSG00000131759,THR-like
TLX3,ENSG00000164438,Homeobox
ZIC2,ENSG00000043355,zf-C2H2
ZNF226,ENSG00000167380,zf-C2H2
ZNF808,ENSG00000198482,zf-C2H2
AC067968.1,ENSG00000267022,zf-C2H2
NR3C1,ENSG00000113580,ESR-like
HIC2,ENSG00000169635,ZBTB
ZNF442,ENSG00000198342,zf-C2H2
FOSL1,ENSG00000175592,TF_bZIP
MTF1,ENSG00000188786,zf-C2H2
YBX3,ENSG00000060138,CSD
ZNF705A,ENSG00000196946,zf-C2H2
NFE2,ENSG00000123405,TF_bZIP
RAX2,ENSG00000173976,Homeobox
SP1,ENSG00000185591,zf-C2H2
ARID3A,ENSG00000116017,ARID
FEZF1,ENSG00000128610,zf-C2H2
THAP4,ENSG00000176946,THAP
ZNF286A,ENSG00000187607,zf-C2H2
FOXQ1,ENSG00000164379,Fork_head
AIRE,ENSG00000160224,SAND
SNAI3,ENSG00000185669,zf-C2H2
ZNF224,ENSG00000267680,zf-C2H2
ATOH8,ENSG00000168874,bHLH
MECOM,ENSG00000085276,zf-C2H2
ZNF45,ENSG00000124459,zf-C2H2
ZNF674,ENSG00000251192,zf-C2H2
ZXDA,ENSG00000198205,zf-C2H2
ST18,ENSG00000147488,zf-C2HC
NKX6-2,ENSG00000148826,Homeobox
ZNF689,ENSG00000156853,zf-C2H2
ZNF449,ENSG00000173275,zf-C2H2
ZNF2,ENSG00000275111,zf-C2H2
TFDP2,ENSG00000114126,E2F
ZBTB25,ENSG00000089775,ZBTB
PIAS4,ENSG00000105229,zf-MIZ
HES4,ENSG00000188290,bHLH
ZNF592,ENSG00000166716,zf-C2H2
WT1,ENSG00000184937,zf-C2H2
ZBTB49,ENSG00000168826,ZBTB
PAX5,ENSG00000196092,PAX
MAFG,ENSG00000197063,TF_bZIP
ZNF837,ENSG00000152475,zf-C2H2
FOXD4,ENSG00000170122,Fork_head
GATA3,ENSG00000107485,zf-GATA
HOMEZ,ENSG00000215271,Homeobox
ZNF26,ENSG00000198393,zf-C2H2
ZSCAN20,ENSG00000121903,zf-C2H2
MEOX2,ENSG00000106511,Homeobox
DMRTA1,ENSG00000176399,DM
ZNF567,ENSG00000189042,zf-C2H2
OVOL1,ENSG00000172818,zf-C2H2
PRRX2,ENSG00000167157,Homeobox
MAFB,ENSG00000204103,TF_bZIP
ZNF195,ENSG00000005801,zf-C2H2
ZNF75D,ENSG00000186376,zf-C2H2
PIAS2,ENSG00000078043,zf-MIZ
FOXJ1,ENSG00000129654,Fork_head
GRHL1,ENSG00000134317,CP2
KLF11,ENSG00000172059,zf-C2H2
ATF2,ENSG00000115966,TF_bZIP
NFAT5,ENSG00000102908,RHD
MXD1,ENSG00000059728,bHLH
SMAD3,ENSG00000166949,MH1
DMRT2,ENSG00000173253,DM
BARHL1,ENSG00000125492,Homeobox
IKZF4,ENSG00000123411,zf-C2H2
ZNF607,ENSG00000198182,zf-C2H2
E2F7,ENSG00000165891,E2F
ZNF595,ENSG00000272602,zf-C2H2
ETV5,ENSG00000244405,ETS
CSRNP3,ENSG00000178662,CSRNP_N
CEBPD,ENSG00000221869,TF_bZIP
ZNF669,ENSG00000188295,zf-C2H2
TBX22,ENSG00000122145,T-box
ZNF304,ENSG00000131845,zf-C2H2
FOXN4,ENSG00000139445,Fork_head
TBX6,ENSG00000149922,T-box
ZBED2,ENSG00000177494,zf-BED
HES5,ENSG00000197921,bHLH
ZNF283,ENSG00000167637,zf-C2H2
PLAG1,ENSG00000181690,zf-C2H2
ZNF512B,ENSG00000196700,zf-C2H2
ZNF486,ENSG00000256229,zf-C2H2
ZMIZ2,ENSG00000122515,zf-MIZ
TERF2,ENSG00000132604,MYB
TFAM,ENSG00000108064,HMG
LCORL,ENSG00000178177,HTH
THAP5,ENSG00000177683,THAP
TCF15,ENSG00000125878,bHLH
ZNF75A,ENSG00000162086,zf-C2H2
HMGB2,ENSG00000164104,HMG
EGR3,ENSG00000179388,zf-C2H2
ZFP69B,ENSG00000187801,zf-C2H2
USF1,ENSG00000158773,bHLH
TBR1,ENSG00000136535,T-box
SMAD2,ENSG00000175387,MH1
ZNF165,ENSG00000197279,zf-C2H2
HOXA11,ENSG00000005073,Homeobox
LMX1A,ENSG00000162761,Homeobox
LHX6,ENSG00000106852,Homeobox
ZNF155,ENSG00000204920,zf-C2H2
ZNF16,ENSG00000170631,zf-C2H2
ZNF225,ENSG00000256294,zf-C2H2
ZSCAN10,ENSG00000130182,zf-C2H2
HNF1B,ENSG00000275410,Homeobox
AC008758.1,ENSG00000196826,zf-C2H2
HOXA13,ENSG00000106031,Homeobox
MKX,ENSG00000150051,Homeobox
TBX1,ENSG00000184058,T-box
ZNF70,ENSG00000187792,zf-C2H2
ZNF282,ENSG00000170265,zf-C2H2
PRDM13,ENSG00000112238,zf-C2H2
ZNF786,ENSG00000197362,zf-C2H2
ZNF547,ENSG00000152433,zf-C2H2
EOMES,ENSG00000163508,T-box
HOXB1,ENSG00000120094,Homeobox
ZKSCAN3,ENSG00000189298,zf-C2H2
ZNF648,ENSG00000179930,zf-C2H2
MECP2,ENSG00000169057,MBD
WIZ,ENSG00000011451,zf-C2H2
ZNF317,ENSG00000130803,zf-C2H2
ZGLP1,ENSG00000220201,zf-GATA
BACH2,ENSG00000112182,TF_bZIP
IRX4,ENSG00000113430,Homeobox
IRF4,ENSG00000137265,IRF
HOXA9,ENSG00000078399,Homeobox
SMAD7,ENSG00000101665,MH1
ZNF613,ENSG00000176024,zf-C2H2
SOX30,ENSG00000039600,HMG
TSC22D4,ENSG00000166925,TSC22
MEOX1,ENSG00000005102,Homeobox
ZNF438,ENSG00000183621,zf-C2H2
TCF4,ENSG00000196628,bHLH
ZBTB18,ENSG00000179456,ZBTB
RBPJL,ENSG00000124232,CSL
LYL1,ENSG00000104903,bHLH
BHLHE22,ENSG00000180828,bHLH
AC010422.6,ENSG00000269693,zf-C2H2
IRF3,ENSG00000126456,IRF
ZNF260,ENSG00000254004,zf-C2H2
PROX2,ENSG00000119608,HPD
TP63,ENSG00000073282,P53
HOXA6,ENSG00000106006,Homeobox
DMRTB1,ENSG00000143006,DM
CCDC169-SOHLH2,ENSG00000250709,bHLH
YY2,ENSG00000230797,zf-C2H2
ZNF143,ENSG00000166478,zf-C2H2
PBRM1,ENSG00000163939,HMG
ZNF841,ENSG00000197608,zf-C2H2
ADNP,ENSG00000101126,Homeobox
SPIB,ENSG00000269404,ETS
BCL11B,ENSG00000127152,zf-C2H2
ZNF513,ENSG00000163795,zf-C2H2
NEUROD6,ENSG00000164600,bHLH
SRF,ENSG00000112658,SRF
TBXT,ENSG00000164458,T-box
HOXD9,ENSG00000128709,Homeobox
ZBTB47,ENSG00000114853,ZBTB
ZNF22,ENSG00000165512,zf-C2H2
NFXL1,ENSG00000170448,zf-NF-X1
ZNF543,ENSG00000178229,zf-C2H2
ZNF540,ENSG00000171817,zf-C2H2
SOX14,ENSG00000168875,HMG
TFAP4,ENSG00000090447,bHLH
ASCL2,ENSG00000183734,bHLH
HEY1,ENSG00000164683,bHLH
EBF3,ENSG00000108001,COE
XBP1,ENSG00000100219,TF_bZIP
ZNF562,ENSG00000171466,zf-C2H2
PROP1,ENSG00000175325,Homeobox
CDX4,ENSG00000131264,Homeobox
SOX10,ENSG00000100146,HMG
BORCS8-MEF2B,ENSG00000064489,SRF
ZNF211,ENSG00000121417,zf-C2H2
ZNF266,ENSG00000174652,zf-C2H2
ZNF580,ENSG00000213015,zf-C2H2
OVOL3,ENSG00000105261,zf-C2H2
ZNF391,ENSG00000124613,zf-C2H2
ATOH1,ENSG00000172238,bHLH
ATF5,ENSG00000169136,TF_bZIP
MYB,ENSG00000118513,MYB
ALX3,ENSG00000156150,Homeobox
SP2,ENSG00000167182,zf-C2H2
THAP2,ENSG00000173451,THAP
GATA2,ENSG00000179348,zf-GATA
CDX2,ENSG00000165556,Homeobox
OLIG2,ENSG00000205927,bHLH
SIM1,ENSG00000112246,bHLH
ZNF445,ENSG00000185219,zf-C2H2
YBX2,ENSG00000006047,CSD
ZBTB10,ENSG00000205189,ZBTB
ZIK1,ENSG00000171649,zf-C2H2
ZNF611,ENSG00000213020,zf-C2H2
DLX2,ENSG00000115844,Homeobox
RREB1,ENSG00000124782,zf-C2H2
GATA1,ENSG00000102145,zf-GATA
BHLHA15,ENSG00000180535,bHLH
SOX21,ENSG00000125285,HMG
MAFA,ENSG00000182759,TF_bZIP
PITX1,ENSG00000069011,Homeobox
ZNF286B,ENSG00000249459,zf-C2H2
TGIF2LX,ENSG00000153779,Homeobox
SATB1,ENSG00000182568,CUT
SIM2,ENSG00000159263,bHLH
EN1,ENSG00000163064,Homeobox
ZNF845,ENSG00000213799,zf-C2H2
DRGX,ENSG00000165606,Homeobox
MAX,ENSG00000125952,bHLH
ZNF696,ENSG00000185730,zf-C2H2
ZNF521,ENSG00000198795,zf-C2H2
ZFP62,ENSG00000196670,zf-C2H2
GLI3,ENSG00000106571,zf-C2H2
ZBTB8A,ENSG00000160062,ZBTB
ZNF791,ENSG00000173875,zf-C2H2
ZFP42,ENSG00000179059,zf-C2H2
TGIF1,ENSG00000177426,Homeobox
ZNF557,ENSG00000130544,zf-C2H2
MEIS3,ENSG00000105419,Homeobox
ZNF565,ENSG00000196357,zf-C2H2
AC002310.5,ENSG00000261459,zf-C2H2
DLX1,ENSG00000144355,Homeobox
OLIG1,ENSG00000184221,bHLH
GCFC2,ENSG00000005436,GCFC
ZNF124,ENSG00000196418,zf-C2H2
ZBTB5,ENSG00000168795,ZBTB
ZNF554,ENSG00000172006,zf-C2H2
ZBTB38,ENSG00000177311,ZBTB
ZNF600,ENSG00000189190,zf-C2H2
BSX,ENSG00000188909,Homeobox
BHLHE41,ENSG00000123095,bHLH
ZSCAN23,ENSG00000187987,zf-C2H2
HOXA1,ENSG00000105991,Homeobox
MLX,ENSG00000108788,bHLH
TSC22D1,ENSG00000102804,TSC22
EGR4,ENSG00000135625,zf-C2H2
DUXA,ENSG00000258873,Homeobox
ZNF493,ENSG00000196268,zf-C2H2
CREBZF,ENSG00000137504,TF_bZIP
PAX1,ENSG00000125813,PAX
THAP11,ENSG00000168286,THAP
ARID4A,ENSG00000032219,ARID
ZSCAN22,ENSG00000182318,zf-C2H2
ZNF729,ENSG00000196350,zf-C2H2
ZNF221,ENSG00000159905,zf-C2H2
FOXN1,ENSG00000109101,Fork_head
MSGN1,ENSG00000151379,bHLH
OTX2,ENSG00000165588,TF_Otx
TCF7L1,ENSG00000152284,HMG
THAP6,ENSG00000174796,THAP
IRF2,ENSG00000168310,IRF
TFAP2D,ENSG00000008197,AP-2
ZNF239,ENSG00000196793,zf-C2H2
EBF1,ENSG00000164330,COE
GBX1,ENSG00000164900,Homeobox
REST,ENSG00000084093,zf-C2H2
CSDE1,ENSG00000009307,CSD
ZNF641,ENSG00000167528,zf-C2H2
ZNF90,ENSG00000213988,zf-C2H2
FOXN3,ENSG00000053254,Fork_head
ZNF385A,ENSG00000161642,zf-C2H2
ZNF727,ENSG00000214652,zf-C2H2
ZNF257,ENSG00000197134,zf-C2H2
C11orf95,ENSG00000188070,zf-BED
ZNF98,ENSG00000197360,zf-C2H2
PPARD,ENSG00000112033,THR-like
ZNF223,ENSG00000178386,zf-C2H2
ZNF561,ENSG00000171469,zf-C2H2
CDX1,ENSG00000113722,Homeobox
ZBTB3,ENSG00000185670,ZBTB
TADA2B,ENSG00000173011,MYB
LHX2,ENSG00000106689,Homeobox
AC005324.4,ENSG00000255104,zf-C2H2
MEIS2,ENSG00000134138,Homeobox
MLXIPL,ENSG00000009950,bHLH
ZNF274,ENSG00000171606,zf-C2H2
HOXB2,ENSG00000173917,Homeobox
ZNF816,ENSG00000180257,zf-C2H2
GTF3A,ENSG00000122034,zf-C2H2
NKX2-4,ENSG00000125816,Homeobox
ZNF134,ENSG00000213762,zf-C2H2
ETV2,ENSG00000105672,ETS
POU2F1,ENSG00000143190,Pou
SALL1,ENSG00000103449,zf-C2H2
ZNF136,ENSG00000196646,zf-C2H2
SP140L,ENSG00000185404,SAND
ZNF780B,ENSG00000128000,zf-C2H2
IRF5,ENSG00000128604,IRF
ZNF443,ENSG00000180855,zf-C2H2
ETV1,ENSG00000006468,ETS
HMG20B,ENSG00000064961,HMG
PGR,ENSG00000082175,ESR-like
MYBL2,ENSG00000101057,MYB
EGR2,ENSG00000122877,zf-C2H2
ZNF397,ENSG00000186812,zf-C2H2
NFATC2,ENSG00000101096,RHD
OTX1,ENSG00000115507,TF_Otx
CREM,ENSG00000095794,TF_bZIP
FOXO3,ENSG00000118689,Fork_head
ZBTB6,ENSG00000186130,ZBTB
ZNF433,ENSG00000197647,zf-C2H2
CREB1,ENSG00000118260,TF_bZIP
POU3F4,ENSG00000196767,Pou
ZNF672,ENSG00000171161,zf-C2H2
ZNF329,ENSG00000181894,zf-C2H2
SCRT1,ENSG00000261678,zf-C2H2
ZNF140,ENSG00000196387,zf-C2H2
ZBED6,ENSG00000257315,zf-BED
ZNF765,ENSG00000196417,zf-C2H2
CRX,ENSG00000105392,TF_Otx
ZNF853,ENSG00000236609,zf-C2H2
BAZ2B,ENSG00000123636,MBD
ZNF182,ENSG00000147118,zf-C2H2
ZNF467,ENSG00000181444,zf-C2H2
ZNF253,ENSG00000256771,zf-C2H2
PRDM10,ENSG00000170325,zf-C2H2
ZNF333,ENSG00000160961,zf-C2H2
PRDM1,ENSG00000057657,zf-C2H2
ZIM3,ENSG00000141946,zf-C2H2
GATA4,ENSG00000136574,zf-GATA
GLIS2,ENSG00000126603,zf-C2H2
ZNF180,ENSG00000167384,zf-C2H2
ZNF366,ENSG00000178175,zf-C2H2
SOX18,ENSG00000203883,HMG
ZFP1,ENSG00000184517,zf-C2H2
ZNF517,ENSG00000197363,zf-C2H2
HOXD10,ENSG00000128710,Homeobox
ZNF112,ENSG00000062370,zf-C2H2
CCDC88A,ENSG00000115355,TF_bZIP
ZNF628,ENSG00000197483,zf-C2H2
ZNF829,ENSG00000185869,zf-C2H2
TADA2A,ENSG00000276234,MYB
ASCL3,ENSG00000176009,bHLH
ZNF688,ENSG00000229809,zf-C2H2
ZNF784,ENSG00000179922,zf-C2H2
MYOD1,ENSG00000129152,bHLH
SMAD5,ENSG00000113658,MH1
GSX1,ENSG00000169840,Homeobox
DMBX1,ENSG00000197587,Homeobox
ZNF419,ENSG00000105136,zf-C2H2
SP110,ENSG00000135899,SAND
SALL3,ENSG00000256463,zf-C2H2
BBX,ENSG00000114439,HMG
FEZF2,ENSG00000153266,zf-C2H2
EBF2,ENSG00000221818,COE
HMGA2,ENSG00000149948,HMGA
DACH1,ENSG00000276644,DACH
SETDB1,ENSG00000143379,MBD
VAX2,ENSG00000116035,Homeobox
MEF2D,ENSG00000116604,SRF
ZNF273,ENSG00000198039,zf-C2H2
ZNF287,ENSG00000141040,zf-C2H2
ZNF37A,ENSG00000075407,zf-C2H2
RAX,ENSG00000134438,Homeobox
OSR2,ENSG00000164920,zf-C2H2
ZNF763,ENSG00000197054,zf-C2H2
TSHZ3,ENSG00000121297,zf-C2H2
ZNF555,ENSG00000186300,zf-C2H2
HOXC10,ENSG00000180818,Homeobox
TOX,ENSG00000198846,HMG
KLF8,ENSG00000102349,zf-C2H2
ZNF235,ENSG00000159917,zf-C2H2
ZNF746,ENSG00000181220,zf-C2H2
VAX1,ENSG00000148704,Homeobox
BARX2,ENSG00000043039,Homeobox
ZNF311,ENSG00000197935,zf-C2H2
RBPJ,ENSG00000168214,CSL
PDX1,ENSG00000139515,Homeobox
ZXDB,ENSG00000198455,zf-C2H2
ZNF528,ENSG00000167555,zf-C2H2
BATF3,ENSG00000123685,TF_bZIP
HOXC12,ENSG00000123407,Homeobox
SMAD1,ENSG00000170365,MH1
ZFP91,ENSG00000186660,zf-C2H2
HMX2,ENSG00000188816,Homeobox
ZNF416,ENSG00000083817,zf-C2H2
ZNF776,ENSG00000152443,zf-C2H2
SPDEF,ENSG00000124664,ETS
ARID3C,ENSG00000205143,ARID
ZNF417,ENSG00000173480,zf-C2H2
FOXO1,ENSG00000150907,Fork_head
ZNF709,ENSG00000242852,zf-C2H2
FOXH1,ENSG00000160973,Fork_head
ZNF80,ENSG00000174255,zf-C2H2
ZNF296,ENSG00000170684,zf-C2H2
ZFX,ENSG00000005889,zf-C2H2
SP4,ENSG00000105866,zf-C2H2
ID1,ENSG00000125968,bHLH
ZNF701,ENSG00000167562,zf-C2H2
CEBPB,ENSG00000172216,TF_bZIP
ZNF66,ENSG00000160229,zf-C2H2
TULP2,ENSG00000104804,Tub
RFX1,ENSG00000132005,RFX
ZNF724,ENSG00000196081,zf-C2H2
GRHL2,ENSG00000083307,CP2
ZNF879,ENSG00000234284,zf-C2H2
TEAD3,ENSG00000007866,TEA
ZNF541,ENSG00000118156,zf-C2H2
ZNF610,ENSG00000167554,zf-C2H2
ELK4,ENSG00000158711,ETS
TERF1,ENSG00000147601,MYB
RXRG,ENSG00000143171,RXR-like
USF2,ENSG00000105698,bHLH
ZNF35,ENSG00000169981,zf-C2H2
FOXO4,ENSG00000184481,Fork_head
RFX2,ENSG00000087903,RFX
CTCFL,ENSG00000124092,zf-C2H2
AFF1,ENSG00000172493,AF-4
ZNF775,ENSG00000196456,zf-C2H2
ELF2,ENSG00000109381,ETS
ZNF32,ENSG00000169740,zf-C2H2
LHX5,ENSG00000089116,Homeobox
SOHLH1,ENSG00000165643,bHLH
NSD2,ENSG00000109685,HMG
HMGB4,ENSG00000176256,HMG
ZBTB44,ENSG00000196323,ZBTB
ZNF444,ENSG00000167685,zf-C2H2
NKX2-5,ENSG00000183072,Homeobox
ARID5B,ENSG00000150347,ARID
JDP2,ENSG00000140044,TF_bZIP
FOS,ENSG00000170345,TF_bZIP
BARX1,ENSG00000131668,Homeobox
LIN28B,ENSG00000187772,CSD
LHX3,ENSG00000107187,Homeobox
NRF1,ENSG00000106459,Nrf1
HOXC13,ENSG00000123364,Homeobox
FOXS1,ENSG00000179772,Fork_head
DMTF1,ENSG00000135164,MYB
ISL1,ENSG00000016082,Homeobox
STAT3,ENSG00000168610,STAT
ETV6,ENSG00000139083,ETS
IRX3,ENSG00000177508,Homeobox
ZNF627,ENSG00000198551,zf-C2H2
ZKSCAN5,ENSG00000196652,zf-C2H2
NFATC4,ENSG00000100968,RHD
ZNF212,ENSG00000170260,zf-C2H2
KLF5,ENSG00000102554,zf-C2H2
ZNF572,ENSG00000180938,zf-C2H2
HES1,ENSG00000114315,bHLH
ZNF343,ENSG00000088876,zf-C2H2
ZNF91,ENSG00000167232,zf-C2H2
THAP7,ENSG00000184436,THAP
GTF2IRD2B,ENSG00000174428,GTF2I
ONECUT1,ENSG00000169856,CUT
ZNF79,ENSG00000196152,zf-C2H2
ZSCAN5C,ENSG00000204532,zf-C2H2
TRERF1,ENSG00000124496,zf-C2H2
BATF,ENSG00000156127,TF_bZIP
LHX9,ENSG00000143355,Homeobox
TOX4,ENSG00000092203,HMG
REL,ENSG00000162924,RHD
HOXD11,ENSG00000128713,Homeobox
ZBTB34,ENSG00000177125,ZBTB
ATF6B,ENSG00000213676,TF_bZIP
FOXD4L6,ENSG00000273514,Fork_head
ELK3,ENSG00000111145,ETS
ZNF559,ENSG00000188321,zf-C2H2
GSC2,ENSG00000063515,Homeobox
ONECUT3,ENSG00000205922,CUT
ARNT,ENSG00000143437,bHLH
ETV4,ENSG00000175832,ETS
ZNF792,ENSG00000180884,zf-C2H2
IRF1,ENSG00000125347,IRF
NFATC3,ENSG00000072736,RHD
PAX2,ENSG00000075891,PAX
ZNF222,ENSG00000159885,zf-C2H2
KLF4,ENSG00000136826,zf-C2H2
TSC22D3,ENSG00000157514,TSC22
ZNF229,ENSG00000278318,zf-C2H2
TFEC,ENSG00000105967,bHLH
ZNF668,ENSG00000167394,zf-C2H2
HOXD1,ENSG00000128645,Homeobox
ASCL1,ENSG00000139352,bHLH
RCOR3,ENSG00000117625,MYB
ZNF790,ENSG00000197863,zf-C2H2
ZNF605,ENSG00000196458,zf-C2H2
POU4F3,ENSG00000091010,Pou
ESRRA,ENSG00000173153,ESR-like
GLIS3,ENSG00000107249,zf-C2H2
ZNF519,ENSG00000175322,zf-C2H2
ZNF354A,ENSG00000169131,zf-C2H2
ZNF214,ENSG00000149050,zf-C2H2
AC019117.3,ENSG00000283321,bHLH
ZFAT,ENSG00000066827,zf-C2H2
ZKSCAN4,ENSG00000187626,zf-C2H2
AC008770.2,ENSG00000267179,zf-C2H2
FOXA1,ENSG00000129514,Fork_head
ZNF658,ENSG00000274349,zf-C2H2
PITX3,ENSG00000107859,Homeobox
ZNF496,ENSG00000162714,zf-C2H2
ZNF248,ENSG00000198105,zf-C2H2
KLF10,ENSG00000155090,zf-C2H2
BCL6,ENSG00000113916,ZBTB
HKR1,ENSG00000181666,zf-C2H2
TCF7L2,ENSG00000148737,HMG
MAEL,ENSG00000143194,HMG
NR1H4,ENSG00000012504,THR-like
POU5F1B,ENSG00000212993,Pou
ZNF316,ENSG00000205903,zf-C2H2
POU2F2,ENSG00000028277,Pou
ZNF432,ENSG00000256087,zf-C2H2
HSF5,ENSG00000176160,HSF
ZNF382,ENSG00000161298,zf-C2H2
ZNF507,ENSG00000168813,zf-C2H2
MYCL,ENSG00000116990,bHLH
SNAI1,ENSG00000124216,zf-C2H2
NKX6-3,ENSG00000165066,Homeobox
SREBF2,ENSG00000198911,bHLH
ZNF347,ENSG00000197937,zf-C2H2
ZNF281,ENSG00000162702,zf-C2H2
BNC2,ENSG00000173068,zf-C2H2
HOXA10,ENSG00000253293,Homeobox
SOX4,ENSG00000124766,HMG
SPI1,ENSG00000066336,ETS
ZFP90,ENSG00000184939,zf-C2H2
ZNF23,ENSG00000167377,zf-C2H2
SOX11,ENSG00000176887,HMG
MIS18BP1,ENSG00000129534,MYB
HLX,ENSG00000136630,Homeobox
ZNF85,ENSG00000105750,zf-C2H2
ZNF799,ENSG00000196466,zf-C2H2
MEF2C,ENSG00000081189,SRF
PRDM16,ENSG00000142611,zf-C2H2
ZNF408,ENSG00000175213,zf-C2H2
ZNF200,ENSG00000010539,zf-C2H2
ZNF883,ENSG00000285447,zf-C2H2
ZNF526,ENSG00000167625,zf-C2H2
DBP,ENSG00000105516,TF_bZIP
ZNF473,ENSG00000142528,zf-C2H2
ZNF551,ENSG00000204519,zf-C2H2
IKZF2,ENSG00000030419,zf-C2H2
E4F1,ENSG00000167967,zf-C2H2
OTP,ENSG00000171540,Homeobox
ZNF800,ENSG00000048405,zf-C2H2
FERD3L,ENSG00000146618,bHLH
ZNF865,ENSG00000261221,zf-C2H2
ZNF707,ENSG00000181135,zf-C2H2
ZNF606,ENSG00000166704,zf-C2H2
SOX8,ENSG00000005513,HMG
GCM1,ENSG00000137270,GCM
BCL6B,ENSG00000161940,ZBTB
HEYL,ENSG00000163909,bHLH
SALL4,ENSG00000101115,zf-C2H2
ZNF18,ENSG00000154957,zf-C2H2
ZSCAN5B,ENSG00000197213,zf-C2H2
MTA1,ENSG00000182979,zf-GATA
NR6A1,ENSG00000148200,GCNF-like
JUN,ENSG00000177606,TF_bZIP
ZNF141,ENSG00000131127,zf-C2H2
NFX1,ENSG00000086102,zf-NF-X1
ARX,ENSG00000004848,Homeobox
PEG3,ENSG00000198300,zf-C2H2
RARB,ENSG00000077092,THR-like
NCOR2,ENSG00000196498,MYB
UBTFL1,ENSG00000255009,HMG
ZNF331,ENSG00000130844,zf-C2H2
ZNF778,ENSG00000170100,zf-C2H2
NRL,ENSG00000129535,TF_bZIP
MYOG,ENSG00000122180,bHLH
NOTO,ENSG00000214513,Homeobox
ZNF205,ENSG00000122386,zf-C2H2
LEF1,ENSG00000138795,HMG
ZNF529,ENSG00000186020,zf-C2H2
HOXA2,ENSG00000105996,Homeobox
ZNF148,ENSG00000163848,zf-C2H2
SMARCC1,ENSG00000173473,MYB
ZNF322,ENSG00000181315,zf-C2H2
TAL2,ENSG00000186051,bHLH
EMX2,ENSG00000170370,Homeobox
KLF2,ENSG00000127528,zf-C2H2
ZBTB22,ENSG00000236104,ZBTB
ZNF550,ENSG00000251369,zf-C2H2
ZFP3,ENSG00000180787,zf-C2H2
ZNF597,ENSG00000167981,zf-C2H2
PBX4,ENSG00000105717,Homeobox
ZNF652,ENSG00000198740,zf-C2H2
CSDC2,ENSG00000172346,CSD
TPRX1,ENSG00000178928,Homeobox
ZFHX3,ENSG00000140836,Homeobox
ZNF358,ENSG00000198816,zf-C2H2
FOXD1,ENSG00000251493,Fork_head
STAT2,ENSG00000170581,STAT
ZNF431,ENSG00000196705,zf-C2H2
SREBF1,ENSG00000072310,bHLH
ZNF69,ENSG00000198429,zf-C2H2
FOXB2,ENSG00000204612,Fork_head
MIER1,ENSG00000198160,MYB
LRRFIP2,ENSG00000093167,LRRFIP
GATA6,ENSG00000141448,zf-GATA
HIVEP2,ENSG00000010818,zf-C2H2
ZNF100,ENSG00000197020,zf-C2H2
SOHLH2,ENSG00000120669,bHLH
ZKSCAN8,ENSG00000198315,zf-C2H2
HOXC9,ENSG00000180806,Homeobox
SP9,ENSG00000217236,zf-C2H2
ZNF684,ENSG00000117010,zf-C2H2
ZNF484,ENSG00000127081,zf-C2H2
ZNF570,ENSG00000171827,zf-C2H2
ZNF251,ENSG00000198169,zf-C2H2
NR1H3,ENSG00000025434,THR-like
ZIC3,ENSG00000156925,zf-C2H2
FEV,ENSG00000163497,ETS
NFYB,ENSG00000120837,NF-YB
ZNF677,ENSG00000197928,zf-C2H2
HOPX,ENSG00000171476,Homeobox
ZNF460,ENSG00000197714,zf-C2H2
ARID3B,ENSG00000179361,ARID
ZNF581,ENSG00000171425,zf-C2H2
GLMP,ENSG00000198715,NCU-G1
ZNF649,ENSG00000198093,zf-C2H2
NKX1-1,ENSG00000235608,Homeobox
ZNF469,ENSG00000225614,zf-C2H2
VEZF1,ENSG00000136451,zf-C2H2
ZNF518A,ENSG00000177853,zf-C2H2
TFDP1,ENSG00000198176,E2F
RELA,ENSG00000173039,RHD
CREB3L3,ENSG00000060566,TF_bZIP
GZF1,ENSG00000125812,ZBTB
ZNF19,ENSG00000157429,zf-C2H2
SAMD11,ENSG00000187634,SAND
RUNX2,ENSG00000124813,Runt
HSF2,ENSG00000025156,HSF
CARHSP1,ENSG00000153048,CSD
TFCP2L1,ENSG00000115112,CP2
TSHZ1,ENSG00000179981,zf-C2H2
ZNF234,ENSG00000263002,zf-C2H2
ZNF43,ENSG00000198521,zf-C2H2
HIF3A,ENSG00000124440,bHLH
FOXE3,ENSG00000186790,Fork_head
POU5F2,ENSG00000248483,Pou
NOBOX,ENSG00000106410,Homeobox
FOXR2,ENSG00000189299,Fork_head
ID4,ENSG00000172201,bHLH
ZNF93,ENSG00000184635,zf-C2H2
PTF1A,ENSG00000168267,bHLH
ZNF625,ENSG00000257591,zf-C2H2
PAX6,ENSG00000007372,PAX
ZNF267,ENSG00000185947,zf-C2H2
PAX7,ENSG00000009709,PAX
BHLHE23,ENSG00000125533,bHLH
GRHL3,ENSG00000158055,CP2
ZNF512,ENSG00000243943,zf-C2H2
ZFP2,ENSG00000198939,zf-C2H2
ZNF787,ENSG00000142409,zf-C2H2
GMEB1,ENSG00000162419,SAND
ZNF700,ENSG00000196757,zf-C2H2
SIX5,ENSG00000177045,Homeobox
HOXD8,ENSG00000175879,Homeobox
EBF4,ENSG00000088881,COE
ZNF692,ENSG00000171163,zf-C2H2
MYT1,ENSG00000196132,zf-C2HC
CPHXL,ENSG00000283755,Homeobox
ZNF615,ENSG00000197619,zf-C2H2
NR2F1,ENSG00000175745,RXR-like
IRF7,ENSG00000185507,IRF
ZNF117,ENSG00000152926,zf-C2H2
ZNF579,ENSG00000218891,zf-C2H2
ZNF556,ENSG00000172000,zf-C2H2
ZNF777,ENSG00000196453,zf-C2H2
FOXE1,ENSG00000178919,Fork_head
ZNF680,ENSG00000173041,zf-C2H2
ZIC4,ENSG00000174963,zf-C2H2
NFYC,ENSG00000066136,NF-YC
PRDM15,ENSG00000141956,zf-C2H2
ZNF468,ENSG00000204604,zf-C2H2
ID2,ENSG00000115738,bHLH
ZSCAN5A,ENSG00000131848,zf-C2H2
ISL2,ENSG00000159556,Homeobox
ZNF710,ENSG00000140548,zf-C2H2
ZIC5,ENSG00000139800,zf-C2H2
ZBED4,ENSG00000100426,zf-BED
ZNF679,ENSG00000197123,zf-C2H2
HMBOX1,ENSG00000147421,Homeobox
RFX5,ENSG00000143390,RFX
ZNF687,ENSG00000143373,zf-C2H2
ZNF773,ENSG00000152439,zf-C2H2
HOXB7,ENSG00000260027,Homeobox
ZNF470,ENSG00000197016,zf-C2H2
HHEX,ENSG00000152804,Homeobox
ANHX,ENSG00000227059,Homeobox
L3MBTL1,ENSG00000185513,zf-C2HC
ASCL4,ENSG00000187855,bHLH
ZNF480,ENSG00000198464,zf-C2H2
FOXI3,ENSG00000214336,Fork_head
ZFP57,ENSG00000204644,zf-C2H2
RFX8,ENSG00000196460,RFX
GLI4,ENSG00000250571,zf-C2H2
MBD3,ENSG00000071655,MBD
ZNF732,ENSG00000186777,zf-C2H2
TCF12,ENSG00000140262,bHLH
ELK1,ENSG00000126767,ETS
DBX1,ENSG00000109851,Homeobox
GFI1,ENSG00000162676,zf-C2H2
ZNF726,ENSG00000213967,zf-C2H2
SIX3,ENSG00000138083,Homeobox
ZSCAN12,ENSG00000158691,zf-C2H2
BATF2,ENSG00000168062,TF_bZIP
NR5A2,ENSG00000116833,SF-like
ZEB2,ENSG00000169554,zf-C2H2
GTF2I,ENSG00000263001,GTF2I
ZNF568,ENSG00000198453,zf-C2H2
ZNF217,ENSG00000171940,zf-C2H2
CDC5L,ENSG00000096401,MYB
TSC22D2,ENSG00000196428,TSC22
PIAS3,ENSG00000131788,zf-MIZ
IRX5,ENSG00000176842,Homeobox
ERF,ENSG00000105722,ETS
ZFP37,ENSG00000136866,zf-C2H2
ETV3,ENSG00000117036,ETS
TFE3,ENSG00000068323,bHLH
CTCF,ENSG00000102974,zf-C2H2
EGR1,ENSG00000120738,zf-C2H2
TFDP3,ENSG00000183434,E2F
E2F2,ENSG00000007968,E2F
ZFP36L2,ENSG00000152518,zf-CCCH
NFIC,ENSG00000141905,CTF/NFI
LCOR,ENSG00000196233,HTH
ZNF614,ENSG00000142556,zf-C2H2
RFX7,ENSG00000181827,RFX
ZBTB7A,ENSG00000178951,ZBTB
ZNF717,ENSG00000227124,zf-C2H2
ZNF34,ENSG00000196378,zf-C2H2
NR4A2,ENSG00000153234,NGFIB-like
MEF2A,ENSG00000068305,SRF
ZNF367,ENSG00000165244,zf-C2H2
RCOR1,ENSG00000089902,MYB
ZNF264,ENSG00000083844,zf-C2H2
ZNF441,ENSG00000197044,zf-C2H2
TWIST1,ENSG00000122691,bHLH
AFF4,ENSG00000072364,AF-4
STAT5A,ENSG00000126561,STAT
ZNF888,ENSG00000213793,zf-C2H2
AC023509.3,ENSG00000267281,TF_bZIP
ZNF805,ENSG00000204524,zf-C2H2
ZHX3,ENSG00000174306,Homeobox
ZNF584,ENSG00000171574,zf-C2H2
PRRX1,ENSG00000116132,Homeobox
HOXA3,ENSG00000105997,Homeobox
E2F5,ENSG00000133740,E2F
KLF17,ENSG00000171872,zf-C2H2
RHOXF1,ENSG00000101883,Homeobox
NKX2-3,ENSG00000119919,Homeobox
ZNF691,ENSG00000164011,zf-C2H2
ZSCAN31,ENSG00000235109,zf-C2H2
ZNF337,ENSG00000130684,zf-C2H2
ZNF429,ENSG00000197013,zf-C2H2
YY1,ENSG00000100811,zf-C2H2
ZNF76,ENSG00000065029,zf-C2H2
AC020909.1,ENSG00000142539,ETS
ZSCAN2,ENSG00000176371,zf-C2H2
ZNF12,ENSG00000164631,zf-C2H2
DNAJC1,ENSG00000136770,MYB
ZNF585A,ENSG00000196967,zf-C2H2
ZNF385B,ENSG00000144331,zf-C2H2
FOXA2,ENSG00000125798,Fork_head
ZSCAN9,ENSG00000137185,zf-C2H2
ZNF814,ENSG00000204514,zf-C2H2
ZNF697,ENSG00000143067,zf-C2H2
ZNF462,ENSG00000148143,zf-C2H2
ZNF618,ENSG00000157657,zf-C2H2
CREB3L2,ENSG00000182158,TF_bZIP
ZNF827,ENSG00000151612,zf-C2H2
ZNF77,ENSG00000175691,zf-C2H2
NEUROG2,ENSG00000178403,bHLH
MSC,ENSG00000178860,bHLH
NEUROD1,ENSG00000162992,bHLH
ZBTB12,ENSG00000204366,ZBTB
ZNF629,ENSG00000102870,zf-C2H2
ATOH7,ENSG00000179774,bHLH
KLF7,ENSG00000118263,zf-C2H2
ZBTB48,ENSG00000204859,ZBTB
MESP2,ENSG00000188095,bHLH
FOXK1,ENSG00000164916,Fork_head
ZBTB41,ENSG00000177888,ZBTB
NR2C2,ENSG00000177463,RXR-like
ZNF558,ENSG00000167785,zf-C2H2
RFX4,ENSG00000111783,RFX
SMARCC2,ENSG00000139613,MYB
PLAGL1,ENSG00000118495,zf-C2H2
ZBTB7B,ENSG00000160685,ZBTB
ZNF425,ENSG00000204947,zf-C2H2
HOXB4,ENSG00000182742,Homeobox
ZNF500,ENSG00000103199,zf-C2H2
FOXL2,ENSG00000183770,Fork_head
PHOX2B,ENSG00000109132,Homeobox
ISX,ENSG00000175329,Homeobox
ZBTB21,ENSG00000173276,ZBTB
ZNF582,ENSG00000018869,zf-C2H2
SP100,ENSG00000067066,SAND
ZSCAN21,ENSG00000166529,zf-C2H2
STAT6,ENSG00000166888,STAT
FOXC2,ENSG00000176692,Fork_head
TCF3,ENSG00000071564,bHLH
LHX1,ENSG00000273706,Homeobox
ID3,ENSG00000117318,bHLH
ARID5A,ENSG00000196843,ARID
PAX3,ENSG00000135903,PAX
DEAF1,ENSG00000177030,SAND
ZNF44,ENSG00000197857,zf-C2H2
KLF1,ENSG00000105610,zf-C2H2
GATAD2B,ENSG00000143614,zf-GATA
SIX1,ENSG00000126778,Homeobox
ONECUT2,ENSG00000119547,CUT
ZFY,ENSG00000067646,zf-C2H2
ATMIN,ENSG00000166454,zf-C2H2
NFIA,ENSG00000162599,CTF/NFI
FOXI2,ENSG00000186766,Fork_head
TFCP2,ENSG00000135457,CP2
MBD4,ENSG00000129071,MBD
ZIC1,ENSG00000152977,zf-C2H2
POU6F1,ENSG00000184271,Pou
FIGLA,ENSG00000183733,bHLH
TFAP2E,ENSG00000116819,AP-2
ZNF213,ENSG00000085644,zf-C2H2
ZNF17,ENSG00000186272,zf-C2H2
HAND1,ENSG00000113196,bHLH
HSFX1,ENSG00000171116,HSF
FOXC1,ENSG00000054598,Fork_head
PAX9,ENSG00000198807,PAX
ZNF28,ENSG00000198538,zf-C2H2
MNT,ENSG00000070444,bHLH
NEUROD2,ENSG00000171532,bHLH
ZNF133,ENSG00000125846,zf-C2H2
BNC1,ENSG00000169594,zf-C2H2
PRDM9,ENSG00000164256,zf-C2H2
HNF1A,ENSG00000135100,Homeobox
ZNF653,ENSG00000161914,zf-C2H2
UNCX,ENSG00000164853,Homeobox
TGIF2,ENSG00000118707,Homeobox
ZSCAN32,ENSG00000140987,zf-C2H2
ZFHX4,ENSG00000091656,Homeobox
ZFP69,ENSG00000187815,zf-C2H2
ETV7,ENSG00000010030,ETS
TLX1,ENSG00000107807,Homeobox
ZNF747,ENSG00000169955,zf-C2H2
ATF7,ENSG00000170653,TF_bZIP
ZNF74,ENSG00000185252,zf-C2H2
ETV3L,ENSG00000253831,ETS
FIZ1,ENSG00000179943,zf-C2H2
ZNF177,ENSG00000188629,zf-C2H2
ZKSCAN1,ENSG00000106261,zf-C2H2
HOXA7,ENSG00000122592,Homeobox
GATA5,ENSG00000130700,zf-GATA
THAP3,ENSG00000041988,THAP
TFEB,ENSG00000112561,bHLH
SOX3,ENSG00000134595,HMG
MYSM1,ENSG00000162601,MYB
HEY2,ENSG00000135547,bHLH
ZNF84,ENSG00000198040,zf-C2H2
NCOA1,ENSG00000084676,bHLH
SUB1,ENSG00000113387,PC4
ZNF723,ENSG00000268696,zf-C2H2
SOX13,ENSG00000143842,HMG
ZBTB37,ENSG00000185278,ZBTB
MSX1,ENSG00000163132,Homeobox
ZNF564,ENSG00000249709,zf-C2H2
NKX2-1,ENSG00000136352,Homeobox
ZNF292,ENSG00000188994,zf-C2H2
ZNF749,ENSG00000186230,zf-C2H2
LHX4,ENSG00000121454,Homeobox
HES2,ENSG00000069812,bHLH
HLF,ENSG00000108924,TF_bZIP
IRF9,ENSG00000213928,IRF
PPARG,ENSG00000132170,THR-like
SHOX2,ENSG00000168779,Homeobox
ZNF277,ENSG00000198839,zf-C2H2
ZNF878,ENSG00000257446,zf-C2H2
ARID1B,ENSG00000049618,ARID
ZNF426,ENSG00000130818,zf-C2H2
DLX4,ENSG00000108813,Homeobox
ZNF33B,ENSG00000196693,zf-C2H2
ZNF639,ENSG00000121864,zf-C2H2
BARHL2,ENSG00000143032,Homeobox
ZNF83,ENSG00000167766,zf-C2H2
HAND2,ENSG00000164107,bHLH
ZBTB42,ENSG00000179627,ZBTB
ARNTL2,ENSG00000029153,bHLH
ZNF320,ENSG00000182986,zf-C2H2
ZNF10,ENSG00000256223,zf-C2H2
TUB,ENSG00000166402,Tub
ZNF107,ENSG00000196247,zf-C2H2
ZFP36L1,ENSG00000185650,zf-CCCH
ZNF713,ENSG00000178665,zf-C2H2
ARID2,ENSG00000189079,ARID
ATF4,ENSG00000128272,TF_bZIP
KMT2C,ENSG00000055609,HMG
ZNF783,ENSG00000204946,zf-C2H2
HIVEP1,ENSG00000095951,zf-C2H2
MGA,ENSG00000174197,T-box
ZNF560,ENSG00000198028,zf-C2H2
MSX2,ENSG00000120149,Homeobox
ZNF174,ENSG00000103343,zf-C2H2
TRPS1,ENSG00000104447,zf-GATA
ZNF616,ENSG00000204611,zf-C2H2
DNAJC2,ENSG00000105821,MYB
ATF3,ENSG00000162772,TF_bZIP
HOXB3,ENSG00000120093,Homeobox
ZNF101,ENSG00000181896,zf-C2H2
ZNF583,ENSG00000198440,zf-C2H2
ZNF880,ENSG00000221923,zf-C2H2
ELF4,ENSG00000102034,ETS
ZHX2,ENSG00000178764,Homeobox
GSC,ENSG00000133937,Homeobox
ZNF71,ENSG00000197951,zf-C2H2
HBP1,ENSG00000105856,HMG
HOXB8,ENSG00000120068,Homeobox
ZNF302,ENSG00000089335,zf-C2H2
ZFP41,ENSG00000181638,zf-C2H2
TBX20,ENSG00000164532,T-box
NEUROG1,ENSG00000181965,bHLH
DUX4,ENSG00000260596,Homeobox
PKNOX2,ENSG00000165495,Homeobox
SMARCA1,ENSG00000102038,MYB
ZSCAN18,ENSG00000121413,zf-C2H2
ZNF334,ENSG00000198185,zf-C2H2
ZNF219,ENSG00000165804,zf-C2H2
THRA,ENSG00000126351,THR-like
ZIM2,ENSG00000269699,zf-C2H2
TCF24,ENSG00000261787,bHLH
ZNF181,ENSG00000197841,zf-C2H2
ALX4,ENSG00000052850,Homeobox
HDX,ENSG00000165259,Homeobox
ZNF530,ENSG00000183647,zf-C2H2
GMEB2,ENSG00000101216,SAND
SMAD9,ENSG00000120693,MH1
HOXC11,ENSG00000123388,Homeobox
ZNF502,ENSG00000196653,zf-C2H2
ZNF114,ENSG00000178150,zf-C2H2
TBX4,ENSG00000121075,T-box
E2F6,ENSG00000169016,E2F
FOXD4L4,ENSG00000184659,Fork_head
ZNF233,ENSG00000159915,zf-C2H2
ZNF230,ENSG00000159882,zf-C2H2
ZNF594,ENSG00000180626,zf-C2H2
TULP1,ENSG00000112041,Tub
HOXB9,ENSG00000170689,Homeobox
SSRP1,ENSG00000149136,HMG
DLX3,ENSG00000064195,Homeobox
ZBTB1,ENSG00000126804,ZBTB
AHR,ENSG00000106546,bHLH
ZNF660,ENSG00000144792,zf-C2H2
CSRNP2,ENSG00000110925,CSRNP_N
HIVEP3,ENSG00000127124,zf-C2H2
FOXJ3,ENSG00000198815,Fork_head
PRDM8,ENSG00000152784,zf-C2H2
RORC,ENSG00000143365,THR-like
CEBPG,ENSG00000153879,TF_bZIP
BACH1,ENSG00000156273,TF_bZIP
ZNF705B,ENSG00000215356,zf-C2H2
ZNF319,ENSG00000166188,zf-C2H2
FOXR1,ENSG00000176302,Fork_head
ZNF41,ENSG00000147124,zf-C2H2
YBX1,ENSG00000065978,CSD
SATB2,ENSG00000119042,CUT
ZSCAN1,ENSG00000152467,zf-C2H2
ZNF571,ENSG00000180479,zf-C2H2
NKX2-8,ENSG00000136327,Homeobox
ZNF3,ENSG00000166526,zf-C2H2
TEAD2,ENSG00000074219,TEA
NR5A1,ENSG00000136931,SF-like
ZNF485,ENSG00000198298,zf-C2H2
NR2F2,ENSG00000185551,RXR-like
ZNF491,ENSG00000177599,zf-C2H2
SP6,ENSG00000189120,zf-C2H2
ZNF439,ENSG00000171291,zf-C2H2
KLF14,ENSG00000266265,zf-C2H2
IKZF1,ENSG00000185811,zf-C2H2
UBP1,ENSG00000153560,CP2
DUXB,ENSG00000282757,Homeobox
FOXA3,ENSG00000170608,Fork_head
ZBTB26,ENSG00000171448,ZBTB
ZNF215,ENSG00000149054,zf-C2H2
ZNF284,ENSG00000186026,zf-C2H2
ZNF667,ENSG00000198046,zf-C2H2
ZKSCAN2,ENSG00000155592,zf-C2H2
THAP9,ENSG00000168152,THAP
TCF21,ENSG00000118526,bHLH
ZNF197,ENSG00000186448,zf-C2H2
ZNF549,ENSG00000121406,zf-C2H2
PROX1,ENSG00000117707,HPD
TCFL5,ENSG00000101190,bHLH
FOSL2,ENSG00000075426,TF_bZIP
E2F3,ENSG00000112242,E2F
BAZ2A,ENSG00000076108,MBD
HMGB3,ENSG00000029993,HMG
ZNF599,ENSG00000153896,zf-C2H2
ZNF492,ENSG00000229676,zf-C2H2
ZNF232,ENSG00000167840,zf-C2H2
MIER3,ENSG00000155545,MYB
GLI1,ENSG00000111087,zf-C2H2
ZBTB24,ENSG00000112365,ZBTB
ZNF532,ENSG00000074657,zf-C2H2
ZNF644,ENSG00000122482,zf-C2H2
HOXD3,ENSG00000128652,Homeobox
UBTF,ENSG00000108312,HMG
ZNF410,ENSG00000119725,zf-C2H2
SP140,ENSG00000079263,SAND
ZNF92,ENSG00000146757,zf-C2H2
HINFP,ENSG00000172273,zf-C2H2
LHX8,ENSG00000162624,Homeobox
AC025287.4,ENSG00000284484,Homeobox
ZNF20,ENSG00000132010,zf-C2H2
ZNF418,ENSG00000196724,zf-C2H2
ZBTB14,ENSG00000198081,ZBTB
MLXIP,ENSG00000175727,bHLH
CREB3L4,ENSG00000143578,TF_bZIP
SCX,ENSG00000260428,bHLH
NANOGP8,ENSG00000255192,Homeobox
ZNF548,ENSG00000188785,zf-C2H2
L3MBTL4,ENSG00000154655,zf-C2HC
ZNF655,ENSG00000197343,zf-C2H2
AC118549,ENSG00000036549,MYB
TBX10,ENSG00000167800,T-box
ZNF587,ENSG00000198466,zf-C2H2
AC012531.3,ENSG00000273049,Homeobox
ELF1,ENSG00000120690,ETS
AC073612.1,ENSG00000258064,THAP
LIN28A,ENSG00000131914,CSD
HMGXB4,ENSG00000100281,HMG
ZNF396,ENSG00000186496,zf-C2H2
NR2E1,ENSG00000112333,RXR-like
ZNF823,ENSG00000197933,zf-C2H2
STAT4,ENSG00000138378,STAT
ZNF626,ENSG00000188171,zf-C2H2
AC105001.2,ENSG00000258724,HMG
TEF,ENSG00000167074,TF_bZIP
PPARA,ENSG00000186951,THR-like
ZNF8,ENSG00000278129,zf-C2H2
ZNF501,ENSG00000186446,zf-C2H2
ZNF454,ENSG00000178187,zf-C2H2
PRDM2,ENSG00000116731,zf-C2H2
ETS1,ENSG00000134954,ETS
PRDM6,ENSG00000061455,zf-C2H2
ZBED3,ENSG00000132846,zf-BED
ZNF354C,ENSG00000177932,zf-C2H2
ESX1,ENSG00000123576,Homeobox
HOXB6,ENSG00000108511,Homeobox
NFKB1,ENSG00000109320,RHD
TULP3,ENSG00000078246,Tub
RARG,ENSG00000172819,THR-like
ZNF705G,ENSG00000215372,zf-C2H2
OLIG3,ENSG00000177468,bHLH
ZNF821,ENSG00000102984,zf-C2H2
HNF4A,ENSG00000101076,RXR-like
TCF7,ENSG00000081059,HMG
SMAD4,ENSG00000141646,MH1
DMRTC2,ENSG00000142025,DM
ZBED5,ENSG00000236287,zf-BED
NEUROG3,ENSG00000122859,bHLH
ESR2,ENSG00000140009,ESR-like
ZNF683,ENSG00000176083,zf-C2H2
ZEB1,ENSG00000148516,zf-C2H2
NPAS3,ENSG00000151322,bHLH
ZNF785,ENSG00000197162,zf-C2H2
HOXA4,ENSG00000197576,Homeobox
ZNF831,ENSG00000124203,zf-C2H2
HOXB5,ENSG00000120075,Homeobox
HMGXB3,ENSG00000113716,HMG
ZNF227,ENSG00000131115,zf-C2H2
ZNF446,ENSG00000083838,zf-C2H2
PAXBP1,ENSG00000159086,GCFC
HSFX2,ENSG00000268738,HSF
ARID4B,ENSG00000054267,ARID
ZNF157,ENSG00000147117,zf-C2H2
MXD4,ENSG00000123933,bHLH
LRRFIP1,ENSG00000124831,LRRFIP
ZFP30,ENSG00000120784,zf-C2H2
ELF3,ENSG00000163435,ETS
INSM2,ENSG00000168348,zf-C2H2
HMGA1,ENSG00000137309,HMGA
MITF,ENSG00000187098,bHLH
MXI1,ENSG00000119950,bHLH
NR4A1,ENSG00000123358,NGFIB-like
ZNF585B,ENSG00000245680,zf-C2H2
TBX21,ENSG00000073861,T-box
TFAP2C,ENSG00000087510,AP-2
HMG20A,ENSG00000140382,HMG
ZNF770,ENSG00000198146,zf-C2H2
KLF6,ENSG00000067082,zf-C2H2
GLI2,ENSG00000074047,zf-C2H2
SIX4,ENSG00000100625,Homeobox
ZNF813,ENSG00000198346,zf-C2H2
ZNF7,ENSG00000147789,zf-C2H2
FOXK2,ENSG00000141568,Fork_head
ZNF577,ENSG00000161551,zf-C2H2
RHOXF2B,ENSG00000203989,Homeobox
ZNF623,ENSG00000183309,zf-C2H2
USF3,ENSG00000176542,bHLH
SOX12,ENSG00000177732,HMG
HSF4,ENSG00000102878,HSF
ZNF705E,ENSG00000214534,zf-C2H2
GCM2,ENSG00000124827,GCM
E2F4,ENSG00000205250,E2F
FOXP1,ENSG00000114861,Fork_head
FOXF1,ENSG00000103241,Fork_head
DMRT1,ENSG00000137090,DM
ZNF518B,ENSG00000178163,zf-C2H2
ZNF436,ENSG00000125945,zf-C2H2
NHLH1,ENSG00000171786,bHLH
ZBTB33,ENSG00000177485,ZBTB
SP8,ENSG00000164651,zf-C2H2
NR1D2,ENSG00000174738,THR-like
FLI1,ENSG00000151702,ETS
REPIN1,ENSG00000214022,zf-C2H2
SNAI2,ENSG00000019549,zf-C2H2
TFAP2A,ENSG00000137203,AP-2
ETS2,ENSG00000157557,ETS
ZNF735,ENSG00000223614,zf-C2H2
HOXC5,ENSG00000172789,Homeobox
SOX9,ENSG00000125398,HMG
NR2C1,ENSG00000120798,RXR-like
NFYA,ENSG00000001167,NF-YA
NKX3-2,ENSG00000109705,Homeobox
TTF1,ENSG00000125482,MYB
NR4A3,ENSG00000119508,NGFIB-like
ZNF768,ENSG00000169957,zf-C2H2
SETDB2,ENSG00000136169,MBD
FOXI1,ENSG00000168269,Fork_head
ZNF574,ENSG00000105732,zf-C2H2
FOXL1,ENSG00000176678,Fork_head
ZNF527,ENSG00000189164,zf-C2H2
CIC,ENSG00000079432,HMG
HES6,ENSG00000144485,bHLH
NKX2-6,ENSG00000180053,Homeobox
NR1D1,ENSG00000126368,THR-like
ZNF121,ENSG00000197961,zf-C2H2
ZBTB7C,ENSG00000184828,ZBTB
ZNF619,ENSG00000177873,zf-C2H2
SOX2,ENSG00000181449,HMG
ZNF131,ENSG00000172262,ZBTB
E2F1,ENSG00000101412,E2F
ZNF678,ENSG00000181450,zf-C2H2
ZSCAN25,ENSG00000197037,zf-C2H2
THAP8,ENSG00000161277,THAP
ZNF596,ENSG00000172748,zf-C2H2
ZNF622,ENSG00000173545,zf-C2H2
ZBTB2,ENSG00000181472,ZBTB
ZSCAN26,ENSG00000197062,zf-C2H2
MYF6,ENSG00000111046,bHLH
ZNF236,ENSG00000130856,zf-C2H2
ZNF589,ENSG00000164048,zf-C2H2
TWIST2,ENSG00000233608,bHLH
PATZ1,ENSG00000100105,ZBTB
LBX1,ENSG00000138136,Homeobox
ZBTB40,ENSG00000184677,ZBTB
ZSCAN16,ENSG00000196812,zf-C2H2
ZNF202,ENSG00000166261,zf-C2H2
ZNF782,ENSG00000196597,zf-C2H2
HSFX3,ENSG00000283697,HSF
ZNF721,ENSG00000182903,zf-C2H2
ZNF676,ENSG00000196109,zf-C2H2
ZXDC,ENSG00000070476,zf-C2H2
ZNF576,ENSG00000124444,zf-C2H2
POU3F1,ENSG00000185668,Pou
IRF6,ENSG00000117595,IRF
OSR1,ENSG00000143867,zf-C2H2
PRDM14,ENSG00000147596,zf-C2H2
ZNF586,ENSG00000083828,zf-C2H2
TBX19,ENSG00000143178,T-box
FOXN2,ENSG00000170802,Fork_head
EVX2,ENSG00000174279,Homeobox
ZBED1,ENSG00000214717,zf-BED
IRX6,ENSG00000159387,Homeobox
PBX2,ENSG00000204304,Homeobox
CLOCK,ENSG00000134852,bHLH
TAL1,ENSG00000162367,bHLH
HELT,ENSG00000187821,bHLH
DLX5,ENSG00000105880,Homeobox
GTF2IRD2,ENSG00000196275,GTF2I
HMGB1,ENSG00000189403,HMG
HMX1,ENSG00000215612,Homeobox
GBX2,ENSG00000168505,Homeobox
NFIX,ENSG00000008441,CTF/NFI
ZNF646,ENSG00000167395,zf-C2H2
ZNF479,ENSG00000185177,zf-C2H2
AC073111.3,ENSG00000284041,zf-C2H2
EVX1,ENSG00000106038,Homeobox
MZF1,ENSG00000099326,zf-C2H2
RUNX3,ENSG00000020633,Runt
HOXD12,ENSG00000170178,Homeobox
JUND,ENSG00000130522,TF_bZIP
RXRB,ENSG00000204231,RXR-like
ZNF208,ENSG00000160321,zf-C2H2
ZNF383,ENSG00000188283,zf-C2H2
ESRRB,ENSG00000119715,ESR-like
ZNF891,ENSG00000214029,zf-C2H2
ZNF699,ENSG00000196110,zf-C2H2
NR2E3,ENSG00000278570,RXR-like
ZNF335,ENSG00000198026,zf-C2H2
STAT1,ENSG00000115415,STAT
GATAD2A,ENSG00000167491,zf-GATA
ZFPM1,ENSG00000179588,zf-C2H2
NFE2L2,ENSG00000116044,TF_bZIP
ZNF276,ENSG00000158805,zf-C2H2
ESRRG,ENSG00000196482,ESR-like
ZNF835,ENSG00000127903,zf-C2H2
TP53,ENSG00000141510,P53
ZNF514,ENSG00000144026,zf-C2H2
ZFP82,ENSG00000181007,zf-C2H2
ZNF728,ENSG00000269067,zf-C2H2
PBX1,ENSG00000185630,Homeobox
NR1I3,ENSG00000143257,THR-like
ZNF780A,ENSG00000197782,zf-C2H2
NPAS2,ENSG00000170485,bHLH
ZNF154,ENSG00000179909,zf-C2H2
RERE,ENSG00000142599,zf-GATA
NFATC1,ENSG00000131196,RHD
SALL2,ENSG00000165821,zf-C2H2
ATF6,ENSG00000118217,TF_bZIP
PBX3,ENSG00000167081,Homeobox
JARID2,ENSG00000008083,ARID
PKNOX1,ENSG00000160199,Homeobox
ELF5,ENSG00000135374,ETS
ZNF714,ENSG00000160352,zf-C2H2
NFIB,ENSG00000147862,CTF/NFI
NR0B1,ENSG00000169297,Miscellaneous
ZNF664,ENSG00000179195,zf-C2H2
DACH2,ENSG00000126733,DACH
SOX15,ENSG00000129194,HMG
RBAK,ENSG00000146587,zf-C2H2
ZNF14,ENSG00000105708,zf-C2H2
CDIP1,ENSG00000089486,zf-LITAF-like
VSX1,ENSG00000100987,Homeobox
HOXD13,ENSG00000128714,Homeobox
ZNF423,ENSG00000102935,zf-C2H2
ZNF552,ENSG00000178935,zf-C2H2
ZNF730,ENSG00000183850,zf-C2H2
ZNF781,ENSG00000196381,zf-C2H2
AC010616.1,ENSG00000268041,ETS
IRX1,ENSG00000170549,Homeobox
ARID1A,ENSG00000117713,ARID
ZNF716,ENSG00000182111,zf-C2H2
PRDM12,ENSG00000130711,zf-C2H2
TSHZ2,ENSG00000182463,zf-C2H2
KLF13,ENSG00000169926,zf-C2H2
FOXO6,ENSG00000204060,Fork_head
IRX2,ENSG00000170561,Homeobox
MYBL1,ENSG00000185697,MYB
CEBPA,ENSG00000245848,TF_bZIP
ZNF407,ENSG00000215421,zf-C2H2
MIXL1,ENSG00000185155,Homeobox
MEIS1,ENSG00000143995,Homeobox
ZNF671,ENSG00000083814,zf-C2H2
AC138696.1,ENSG00000264668,zf-C2H2
ZNF630,ENSG00000221994,zf-C2H2
ZNF524,ENSG00000171443,zf-C2H2
MEF2B,ENSG00000213999,SRF
ZNF662,ENSG00000182983,zf-C2H2
ZNF534,ENSG00000198633,zf-C2H2
PRDM5,ENSG00000138738,zf-C2H2
TOX2,ENSG00000124191,HMG
ZNF415,ENSG00000170954,zf-C2H2
ZBTB20,ENSG00000181722,ZBTB
ZNF740,ENSG00000139651,zf-C2H2
SPIC,ENSG00000166211,ETS
TBX15,ENSG00000092607,T-box
ZNF766,ENSG00000196214,zf-C2H2
ZNF25,ENSG00000175395,zf-C2H2
PMS1,ENSG00000064933,HMG
MYC,ENSG00000136997,bHLH
SIX6,ENSG00000184302,Homeobox
POU2F3,ENSG00000137709,Pou
EHF,ENSG00000135373,ETS
ZNF544,ENSG00000198131,zf-C2H2
NANOGNB,ENSG00000205857,Homeobox
ZBTB43,ENSG00000169155,ZBTB
ZNF536,ENSG00000198597,zf-C2H2
ZNF440,ENSG00000171295,zf-C2H2
RORB,ENSG00000198963,THR-like
ZNF844,ENSG00000223547,zf-C2H2
ZNF263,ENSG00000006194,zf-C2H2
ZNF846,ENSG00000196605,zf-C2H2
MTA2,ENSG00000149480,zf-GATA
CBFB,ENSG00000067955,CBF
NPAS1,ENSG00000130751,bHLH
AC022167.5,ENSG00000283516,zf-LITAF-like
ZNF57,ENSG00000171970,zf-C2H2
EN2,ENSG00000164778,Homeobox
ZFPM2,ENSG00000169946,zf-C2H2
HESX1,ENSG00000163666,Homeobox
SP3,ENSG00000172845,zf-C2H2
E2F8,ENSG00000129173,E2F
ZNF563,ENSG00000188868,zf-C2H2
MAFK,ENSG00000198517,TF_bZIP
ZNF569,ENSG00000196437,zf-C2H2
ZNF300,ENSG00000145908,zf-C2H2
HES7,ENSG00000179111,bHLH
NR1I2,ENSG00000144852,THR-like
SOX7,ENSG00000171056,HMG
ZBTB39,ENSG00000166860,ZBTB
ZNF398,ENSG00000197024,zf-C2H2
ZNF420,ENSG00000197050,zf-C2H2
NCOR1,ENSG00000141027,MYB
SHOX,ENSG00000185960,Homeobox
CEBPE,ENSG00000092067,TF_bZIP
LITAF,ENSG00000189067,zf-LITAF-like
SEBOX,ENSG00000274529,Homeobox
ZBTB11,ENSG00000066422,ZBTB
FOXP2,ENSG00000128573,Fork_head
TLX2,ENSG00000115297,Homeobox
TOX3,ENSG00000103460,HMG
NR3C2,ENSG00000151623,ESR-like
POU5F1,ENSG00000204531,Pou
ZNF573,ENSG00000189144,zf-C2H2
ZNF350,ENSG00000256683,zf-C2H2
ZNF324,ENSG00000083812,zf-C2H2
ZBTB32,ENSG00000011590,ZBTB
ZNF394,ENSG00000160908,zf-C2H2
FOXD4L5,ENSG00000204779,Fork_head
AHRR,ENSG00000063438,bHLH
PRDM4,ENSG00000110851,zf-C2H2
GFI1B,ENSG00000165702,zf-C2H2
ZNF341,ENSG00000131061,zf-C2H2
KLF15,ENSG00000163884,zf-C2H2
ZMIZ1,ENSG00000108175,zf-MIZ
ZSCAN4,ENSG00000180532,zf-C2H2
ZNF850,ENSG00000267041,zf-C2H2
ZNF256,ENSG00000152454,zf-C2H2
ZBTB46,ENSG00000130584,ZBTB
HSFY1,ENSG00000172468,HSF
HSFY2,ENSG00000169953,HSF
HOXC8,ENSG00000037965,Homeobox
ZNF33A,ENSG00000189180,zf-C2H2
ARNTL,ENSG00000133794,bHLH
RLF,ENSG00000117000,zf-C2H2
SOX1,ENSG00000182968,HMG
DMRT3,ENSG00000064218,DM
ZNF624,ENSG00000197566,zf-C2H2
NPAS4,ENSG00000174576,bHLH
ZSCAN30,ENSG00000186814,zf-C2H2
GLIS1,ENSG00000174332,zf-C2H2
ZNF146,ENSG00000167635,zf-C2H2
FOXM1,ENSG00000111206,Fork_head
AC092329.3,ENSG00000283201,zf-C2H2
SIX2,ENSG00000170577,Homeobox
KLF18,ENSG00000283039,zf-C2H2
MESP1,ENSG00000166823,bHLH
BHLHE40,ENSG00000134107,bHLH
ZNF483,ENSG00000173258,zf-C2H2
HES3,ENSG00000173673,bHLH
RUNX1,ENSG00000159216,Runt
ZNF430,ENSG00000118620,zf-C2H2
MYNN,ENSG00000085274,ZBTB
HSFX4,ENSG00000283463,HSF
ZNF711,ENSG00000147180,zf-C2H2
TBX5,ENSG00000089225,T-box
POU6F2,ENSG00000106536,Pou
RXRA,ENSG00000186350,RXR-like
WDHD1,ENSG00000198554,HMG
LBX2,ENSG00000179528,Homeobox
ZNF764,ENSG00000169951,zf-C2H2
RFX6,ENSG00000185002,RFX
SOX17,ENSG00000164736,HMG
ZFP91-CNTF,ENSG00000255073,zf-C2H2
ZHX1,ENSG00000165156,Homeobox
ZNF48,ENSG00000180035,zf-C2H2
SP7,ENSG00000170374,zf-C2H2
CSRNP1,ENSG00000144655,CSRNP_N
DLX6,ENSG00000006377,Homeobox
HSF1,ENSG00000185122,HSF
ERG,ENSG00000157554,ETS
MAF,ENSG00000178573,TF_bZIP
ZNF404,ENSG00000176222,zf-C2H2
AL033529.1,ENSG00000254553,ZBTB
ZNF275,ENSG00000063587,zf-C2H2
RFX3,ENSG00000080298,RFX
MAZ,ENSG00000103495,zf-C2H2
IKZF5,ENSG00000095574,zf-C2H2
KLF9,ENSG00000119138,zf-C2H2
ZNF665,ENSG00000197497,zf-C2H2
ZNF682,ENSG00000197124,zf-C2H2
ZNF566,ENSG00000186017,zf-C2H2
FOXB1,ENSG00000171956,Fork_head
DBX2,ENSG00000185610,Homeobox
FOXG1,ENSG00000176165,Fork_head
JUNB,ENSG00000171223,TF_bZIP
DPRX,ENSG00000204595,Homeobox
MAFF,ENSG00000185022,TF_bZIP
SRY,ENSG00000184895,HMG
FOXP4,ENSG00000137166,Fork_head
MYRF,ENSG00000124920,NDT80/PhoG
AFF2,ENSG00000155966,AF-4
OVOL2,ENSG00000125850,zf-C2H2
TGIF2LY,ENSG00000176679,Homeobox
ZSCAN29,ENSG00000140265,zf-C2H2
ZNF852,ENSG00000178917,zf-C2H2
TCF23,ENSG00000163792,bHLH
FOSB,ENSG00000125740,TF_bZIP
BHMG1,ENSG00000237452,HMG
NKX2-2,ENSG00000125820,Homeobox
POU3F2,ENSG00000184486,Pou
NR2F6,ENSG00000160113,RXR-like
BCL11A,ENSG00000119866,zf-C2H2
AC115220.1,ENSG00000241149,zf-C2H2
ZNF268,ENSG00000090612,zf-C2H2
TULP4,ENSG00000130338,Tub
ASCL5,ENSG00000232237,bHLH
HIC1,ENSG00000177374,ZBTB
ZBTB45,ENSG00000119574,ZBTB
ZNF836,ENSG00000196267,zf-C2H2
ZNF670,ENSG00000277462,zf-C2H2
ZFHX2,ENSG00000136367,Homeobox
FOXF2,ENSG00000137273,Fork_head
SMARCE1,ENSG00000073584,HMG
ZNF789,ENSG00000198556,zf-C2H2
MYT1L,ENSG00000186487,zf-C2HC
ZNF24,ENSG00000172466,zf-C2H2
TBX3,ENSG00000135111,T-box
NEUROD4,ENSG00000123307,bHLH
AR,ENSG00000169083,ESR-like
MBD2,ENSG00000134046,MBD
ZNF189,ENSG00000136870,zf-C2H2
PHOX2A,ENSG00000165462,Homeobox
ZFP64,ENSG00000020256,zf-C2H2
SMAD6,ENSG00000137834,MH1
THAP10,ENSG00000129028,THAP
AC073111.5,ENSG00000284691,zf-C2H2
FOXD4L3,ENSG00000187559,Fork_head
TP73,ENSG00000078900,P53
ZNF587B,ENSG00000269343,zf-C2H2
HOXB13,ENSG00000159184,Homeobox
BHLHA9,ENSG00000205899,bHLH
ZNF184,ENSG00000096654,zf-C2H2
ZNF471,ENSG00000196263,zf-C2H2
HOXA5,ENSG00000106004,Homeobox
ZNF362,ENSG00000160094,zf-C2H2
ZBTB17,ENSG00000116809,ZBTB
ZNF160,ENSG00000170949,zf-C2H2
GABPA,ENSG00000154727,ETS
ZNF142,ENSG00000115568,zf-C2H2
ZNF771,ENSG00000179965,zf-C2H2
THAP12,ENSG00000137492,THAP
HMX3,ENSG00000188620,Homeobox
ZNF736,ENSG00000234444,zf-C2H2
ZFP14,ENSG00000142065,zf-C2H2
RORA,ENSG00000069667,THR-like
PAX4,ENSG00000106331,PAX
ZBTB4,ENSG00000174282,ZBTB
HOXC4,ENSG00000198353,Homeobox
CREB5,ENSG00000146592,TF_bZIP
POU4F1,ENSG00000152192,Pou
KLF12,ENSG00000118922,zf-C2H2
ZNF345,ENSG00000251247,zf-C2H2
TEAD1,ENSG00000187079,TEA
LMX1B,ENSG00000136944,Homeobox
PIAS1,ENSG00000033800,zf-MIZ
NR1H2,ENSG00000131408,THR-like
ZNF324B,ENSG00000249471,zf-C2H2
MYCN,ENSG00000134323,bHLH
ZNF175,ENSG00000105497,zf-C2H2
VENTX,ENSG00000151650,Homeobox
ZNF559-ZNF177,ENSG00000270011,zf-C2H2
VDR,ENSG00000111424,THR-like
ZNF546,ENSG00000187187,zf-C2H2
AFF3,ENSG00000144218,AF-4
MBD1,ENSG00000141644,MBD
KLF16,ENSG00000129911,zf-C2H2
ZNF737,ENSG00000237440,zf-C2H2
ZNF169,ENSG00000175787,zf-C2H2
ZNF695,ENSG00000197472,zf-C2H2
SP5,ENSG00000204335,zf-C2H2
CAMTA2,ENSG00000108509,CG-1
SOX6,ENSG00000110693,HMG
CAMTA1,ENSG00000171735,CG-1
DDIT3,ENSG00000175197,TF_bZIP
ZNF525,ENSG00000203326,zf-C2H2
LEUTX,ENSG00000213921,Homeobox
AC092835.1,ENSG00000233757,zf-C2H2
ZKSCAN7,ENSG00000196345,zf-C2H2
ZNF285,ENSG00000267508,zf-C2H2
RCOR2,ENSG00000167771,MYB
ARGFX,ENSG00000186103,Homeobox
ZNF30,ENSG00000168661,zf-C2H2
MNX1,ENSG00000130675,Homeobox
MYF5,ENSG00000111049,bHLH
ZNF354B,ENSG00000178338,zf-C2H2
NKX3-1,ENSG00000167034,Homeobox
KLF3,ENSG00000109787,zf-C2H2
FOXD4L1,ENSG00000184492,Fork_head
PITX2,ENSG00000164093,Homeobox
ZNF772,ENSG00000197128,zf-C2H2
ZBTB16,ENSG00000109906,ZBTB
ZNF575,ENSG00000176472,zf-C2H2
ZNF620,ENSG00000177842,zf-C2H2
ZNF761,ENSG00000160336,zf-C2H2
ZNF793,ENSG00000188227,zf-C2H2
ZNF254,ENSG00000213096,zf-C2H2
TFAP2B,ENSG00000008196,AP-2
SNAPC4,ENSG00000165684,MYB
ZNF675,ENSG00000197372,zf-C2H2
ZNF860,ENSG00000197385,zf-C2H2
FOXD3,ENSG00000187140,Fork_head
ZNF132,ENSG00000131849,zf-C2H2
NFE2L3,ENSG00000050344,TF_bZIP
ZNF510,ENSG00000081386,zf-C2H2
HOXC6,ENSG00000197757,Homeobox
THRB,ENSG00000151090,THR-like
ZNF774,ENSG00000196391,zf-C2H2
ZFP28,ENSG00000196867,zf-C2H2
NFE2L1,ENSG00000082641,TF_bZIP
HOXD4,ENSG00000170166,Homeobox
ZNF681,ENSG00000196172,zf-C2H2
NFIL3,ENSG00000165030,TF_bZIP
FOXP3,ENSG00000049768,Fork_head
CUX2,ENSG00000111249,CUT
CREB3,ENSG00000107175,TF_bZIP
ARNT2,ENSG00000172379,bHLH
MTA3,ENSG00000057935,zf-GATA
AEBP2,ENSG00000139154,zf-C2H2
TEAD4,ENSG00000197905,TEA
ZNF250,ENSG00000196150,zf-C2H2
FOXD2,ENSG00000186564,Fork_head
JAZF1,ENSG00000153814,zf-C2H2
MYRFL,ENSG00000166268,NDT80/PhoG
THAP1,ENSG00000131931,THAP
ZNF578,ENSG00000258405,zf-C2H2
ZNF461,ENSG00000197808,zf-C2H2
IKZF3,ENSG00000161405,zf-C2H2
FOXJ2,ENSG00000065970,Fork_head
AC187653.1,ENSG00000248767,Fork_head
ZNF788,ENSG00000214189,zf-C2H2
ZNF708,ENSG00000182141,zf-C2H2
TERB1,ENSG00000249961,MYB
ZFP92,ENSG00000189420,zf-C2H2
IRF8,ENSG00000140968,IRF
ZNF705D,ENSG00000215343,zf-C2H2
MXD3,ENSG00000213347,bHLH
ZNF506,ENSG00000081665,zf-C2H2
RHOXF2,ENSG00000131721,Homeobox
NHLH2,ENSG00000177551,bHLH
STAT5B,ENSG00000173757,STAT
ZNF490,ENSG00000188033,zf-C2H2
ZNF516,ENSG00000101493,zf-C2H2
NFKB2,ENSG00000077150,RHD
ZNF99,ENSG00000213973,zf-C2H2
ESR1,ENSG00000091831,ESR-like
DMRTA2,ENSG00000142700,DM
INSM1,ENSG00000173404,zf-C2H2
SOX5,ENSG00000134532,HMG
TBX18,ENSG00000112837,T-box
HNF4G,ENSG00000164749,RXR-like
ATF1,ENSG00000123268,TF_bZIP
SCRT2,ENSG00000215397,zf-C2H2
NKX1-2,ENSG00000229544,Homeobox
ZNF384,ENSG00000126746,zf-C2H2
PLAGL2,ENSG00000126003,zf-C2H2
POU4F2,ENSG00000151615,Pou
NANOG,ENSG00000111704,Homeobox
ZNF81,ENSG00000197779,zf-C2H2
ZNF497,ENSG00000174586,zf-C2H2
NR0B2,ENSG00000131910,Miscellaneous
AC010487.3,ENSG00000283088,zf-C2H2
AC004080.3,ENSG00000257184,Homeobox
ZNF135,ENSG00000176293,zf-C2H2
RELB,ENSG00000104856,RHD
GTF2IRD1,ENSG00000006704,GTF2I
CUX1,ENSG00000257923,CUT
ZNF207,ENSG00000010244,Others
LTF,ENSG00000012223,Others
PRDM11,ENSG00000019485,Others
BCLAF1,ENSG00000029363,Others
TFB1M,ENSG00000029639,Others
ZNF280C,ENSG00000056277,Others
PARP12,ENSG00000059378,Others
GPBP1,ENSG00000062194,Others
RFXANK,ENSG00000064490,Others
MLLT10,ENSG00000078403,Others
KHSRP,ENSG00000088247,Others
HIF1A,ENSG00000100644,Others
ADNP2,ENSG00000101544,Others
CENPT,ENSG00000102901,Others
CAPN15,ENSG00000103326,Others
GABPB1,ENSG00000104064,Others
MYEF2,ENSG00000104177,Others
TAX1BP1,ENSG00000106052,Others
AKNA,ENSG00000106948,Others
CREBL2,ENSG00000111269,Others
CENPA,ENSG00000115163,Others
CEBPZ,ENSG00000115816,Others
PLEK,ENSG00000115956,Others
EPAS1,ENSG00000116016,Others
SFPQ,ENSG00000116560,Others
GON4L,ENSG00000116580,Others
PHTF1,ENSG00000116793,Others
BLZF1,ENSG00000117475,Others
ZNF706,ENSG00000120963,Others
KIAA1549,ENSG00000122778,Others
ZNFX1,ENSG00000124201,Others
SLC2A4RG,ENSG00000125520,Others
RBCK1,ENSG00000125826,Others
YEATS4,ENSG00000127337,Others
CASZ1,ENSG00000130940,Others
CC2D1A,ENSG00000132024,Others
ZNF414,ENSG00000133250,Others
XPA,ENSG00000136936,Others
TCF19,ENSG00000137310,Others
ZNF280D,ENSG00000137871,Others
PREB,ENSG00000138073,Others
SMARCAL1,ENSG00000138375,Others
CARF,ENSG00000138380,Others
TCF25,ENSG00000141002,Others
ZNF750,ENSG00000141579,Others
GABPB2,ENSG00000143458,Others
TMF1,ENSG00000144747,Others
LYAR,ENSG00000145220,Others
PURB,ENSG00000146676,Others
CIZ1,ENSG00000148337,Others
ANKRD30A,ENSG00000148513,Others
THYN1,ENSG00000151500,Others
SETBP1,ENSG00000152217,Others
AHCTF1,ENSG00000153207,Others
ELMSAN1,ENSG00000156030,Others
GATAD1,ENSG00000157259,Others
SON,ENSG00000159140,Others
GPBP1L1,ENSG00000159592,Others
ZNF326,ENSG00000162664,Others
SPZ1,ENSG00000164299,Others
FAM170A,ENSG00000164334,Others
CREBRF,ENSG00000164463,Others
ZNF704,ENSG00000164684,Others
ZNF503,ENSG00000165655,Others
RAG1,ENSG00000166349,Others
PHB,ENSG00000167085,Others
TET2,ENSG00000168769,Others
ZNF608,ENSG00000168916,Others
ZNF280A,ENSG00000169548,Others
CENPX,ENSG00000169689,Others
CNBP,ENSG00000169714,Others
NFRKB,ENSG00000170322,Others
ZNF318,ENSG00000171467,Others
PURG,ENSG00000172733,Others
CENPS,ENSG00000175279,Others
MAF1,ENSG00000179632,Others
ZNF609,ENSG00000180357,Others
DMRTC1B,ENSG00000184911,Others
PURA,ENSG00000185129,Others
NKRF,ENSG00000186416,Others
ZNF395,ENSG00000186918,Others
PLSCR1,ENSG00000188313,Others
ZGPAT,ENSG00000197114,Others
ZNF720,ENSG00000197302,Others
ZNF511,ENSG00000198546,Others
L3MBTL3,ENSG00000198945,Others
CPEB1,ENSG00000214575,Others
ZNF487,ENSG00000243660,Others
NME2,ENSG00000243678,Others
ZNF488,ENSG00000265763,Others
DMRTC1,ENSG00000269502,Others
ZNF280B,ENSG00000275004,Others
